{"mean":{"confidence_interval":{"confidence_level":0.95,"lower_bound":600666645.6,"upper_bound":602559555.9224999},"point_estimate":601551774.2,"standard_error":494715.63459480036},"median":{"confidence_interval":{"confidence_level":0.95,"lower_bound":600352489.0,"upper_bound":603504523.0},"point_estimate":600415009.5,"standard_error":902587.5365596199},"median_abs_dev":{"confidence_interval":{"confidence_level":0.95,"lower_bound":24428.05846631527,"upper_bound":2403431.697830558},"point_estimate":202833.01979899406,"standard_error":790666.5321655984},"slope":null,"std_dev":{"confidence_interval":{"confidence_level":0.95,"lower_bound":725608.8581542649,"upper_bound":1875466.645403055},"point_estimate":1649627.5893534813,"standard_error":279337.22603866574}}