{"mean":{"confidence_interval":{"confidence_level":0.95,"lower_bound":2786092668.4,"upper_bound":2789070019.2475},"point_estimate":2787578368.5,"standard_error":757217.4732383617},"median":{"confidence_interval":{"confidence_level":0.95,"lower_bound":2785618981.5,"upper_bound":2789544666.5},"point_estimate":2787811200.5,"standard_error":862170.0901256767},"median_abs_dev":{"confidence_interval":{"confidence_level":0.95,"lower_bound":421641.79561436176,"upper_bound":4866203.718307614},"point_estimate":2038959.6985012293,"standard_error":1172507.8805880994},"slope":null,"std_dev":{"confidence_interval":{"confidence_level":0.95,"lower_bound":1402581.7505356672,"upper_bound":3184624.0682325806},"point_estimate":2523048.8258275166,"standard_error":464419.77773705253}}