{"mean":{"confidence_interval":{"confidence_level":0.95,"lower_bound":12220699965.4875,"upper_bound":12232533334.1},"point_estimate":12225860042.4,"standard_error":3076549.30823974},"median":{"confidence_interval":{"confidence_level":0.95,"lower_bound":12218725391.0,"upper_bound":12230164598.5},"point_estimate":12222765380.0,"standard_error":3186663.0729875956},"median_abs_dev":{"confidence_interval":{"confidence_level":0.95,"lower_bound":1639977.960884571,"upper_bound":13275625.67051053},"point_estimate":7695293.575081229,"standard_error":2952427.1026784205},"slope":null,"std_dev":{"confidence_interval":{"confidence_level":0.95,"lower_bound":3731210.058581687,"upper_bound":14653764.803684562},"point_estimate":10256728.223288959,"standard_error":3263244.1809543725}}