{"mean":{"confidence_interval":{"confidence_level":0.95,"lower_bound":2691559719.9,"upper_bound":2695302085.7},"point_estimate":2693127349.2,"standard_error":985068.6492851865},"median":{"confidence_interval":{"confidence_level":0.95,"lower_bound":2691439573.0,"upper_bound":2694280921.0},"point_estimate":2692005976.5,"standard_error":661296.8249158659},"median_abs_dev":{"confidence_interval":{"confidence_level":0.95,"lower_bound":122648.08282256126,"upper_bound":3530771.80711627},"point_estimate":897153.861272335,"standard_error":883238.8433747807},"slope":null,"std_dev":{"confidence_interval":{"confidence_level":0.95,"lower_bound":582958.5806420841,"upper_bound":4735955.825221961},"point_estimate":3273934.129641102,"standard_error":1188657.3860166967}}