{"mean":{"confidence_interval":{"confidence_level":0.95,"lower_bound":11762457659.2,"upper_bound":11773915425.96},"point_estimate":11766683430.9,"standard_error":3287246.350410358},"median":{"confidence_interval":{"confidence_level":0.95,"lower_bound":11761883312.0,"upper_bound":11765899340.0},"point_estimate":11763252061.5,"standard_error":1307798.9091332245},"median_abs_dev":{"confidence_interval":{"confidence_level":0.95,"lower_bound":570405.8769732714,"upper_bound":4782677.445770449},"point_estimate":2375775.2779215574,"standard_error":1286554.9404756078},"slope":null,"std_dev":{"confidence_interval":{"confidence_level":0.95,"lower_bound":1300188.833569015,"upper_bound":16816485.355144817},"point_estimate":10944665.06559154,"standard_error":5456367.118763189}}