{"mean":{"confidence_interval":{"confidence_level":0.95,"lower_bound":2.379229952337956,"upper_bound":2.386756213832665},"point_estimate":2.3818130732704312,"standard_error":0.002340736378454701},"median":{"confidence_interval":{"confidence_level":0.95,"lower_bound":2.379086222405755,"upper_bound":2.3797818366062353},"point_estimate":2.37951001335576,"standard_error":0.0006167617666769526},"median_abs_dev":{"confidence_interval":{"confidence_level":0.95,"lower_bound":0.000036431395560249205,"upper_bound":0.0008209354780910474},"point_estimate":0.00043904578824993196,"standard_error":0.0006739404797934888},"slope":{"confidence_interval":{"confidence_level":0.95,"lower_bound":2.379120303561962,"upper_bound":2.379699926759416},"point_estimate":2.3793650387709198,"standard_error":0.00014788520818180155},"std_dev":{"confidence_interval":{"confidence_level":0.95,"lower_bound":0.00023037649287305128,"upper_bound":0.011816116007371681},"point_estimate":0.007705049563742112,"standard_error":0.004307656854355077}}