{"mean":{"confidence_interval":{"confidence_level":0.95,"lower_bound":334848996.75,"upper_bound":336605179.59625},"point_estimate":335631998.0,"standard_error":453384.39397282596},"median":{"confidence_interval":{"confidence_level":0.95,"lower_bound":334627979.5,"upper_bound":336583069.0},"point_estimate":335288021.75,"standard_error":386694.8844644646},"median_abs_dev":{"confidence_interval":{"confidence_level":0.95,"lower_bound":80144.90677714348,"upper_bound":1812175.2761274576},"point_estimate":673317.5889462233,"standard_error":513144.57355068653},"slope":null,"std_dev":{"confidence_interval":{"confidence_level":0.95,"lower_bound":431030.1138767214,"upper_bound":2000868.2693441433},"point_estimate":1507657.5072901265,"standard_error":420575.45813567424}}