{"mean":{"confidence_interval":{"confidence_level":0.95,"lower_bound":2392745276.1349998,"upper_bound":2397072285.8975},"point_estimate":2394883783.6,"standard_error":1115335.614523801},"median":{"confidence_interval":{"confidence_level":0.95,"lower_bound":2391469607.0,"upper_bound":2398772308.5},"point_estimate":2393885746.5,"standard_error":2444915.0365134627},"median_abs_dev":{"confidence_interval":{"confidence_level":0.95,"lower_bound":166119.39665079117,"upper_bound":5491773.433801532},"point_estimate":4659048.919585347,"standard_error":1601159.029429131},"slope":null,"std_dev":{"confidence_interval":{"confidence_level":0.95,"lower_bound":2512841.6005019485,"upper_bound":4112126.1932521854},"point_estimate":3710172.816443137,"standard_error":412255.03636944195}}